POR,POD,Path,PTDF
BIGLOW,BPAT.PGE,CrossCascadesNorth,0.1557
BIGLOW,BPAT.PGE,CrossCascadesSouth,0.7322
BIGLOW,BPAT.PGE,NorthofHanford,-0.149
BIGLOW,BPAT.PGE,RaverPaul,0.1054
BIGLOW,BPAT.PGE,SouthofAllston,0.1578
BIGLOW,BPAT.PGE,NorthofPearl,0.3292
BIGLOW,BPAT.PGE,WestofJohnDay,0.5574
BIGLOW,BPAT.PGE,WestofSlatt,-0.0775
BIGLOW,BPAT.PGE,WestofLOMO,-0.0086
BIGLOW,BPAT.PGE,SouthofCuster,0.0047
BIGLOW,BPAT.PGE,NorthofEchoLake,-0.0024
BIGLOW,BPAT.PGE,WestofMcNary,-0.0448
BIGLOW,BPAT.PGE,WestofHatwai,0.0028
BIGLOW,BPAT.PGE,NorthofGrizzly,0.0958
BPAT.NWMT,BPAT.PGE,CrossCascadesNorth,0.1496
BPAT.NWMT,BPAT.PGE,CrossCascadesSouth,0.6269
BPAT.NWMT,BPAT.PGE,NorthofHanford,0.1752
BPAT.NWMT,BPAT.PGE,RaverPaul,0.1677
BPAT.NWMT,BPAT.PGE,SouthofAllston,0.2598
BPAT.NWMT,BPAT.PGE,NorthofPearl,0.2613
BPAT.NWMT,BPAT.PGE,WestofJohnDay,0.2567
BPAT.NWMT,BPAT.PGE,WestofSlatt,0.1193
BPAT.NWMT,BPAT.PGE,WestofLOMO,0.2801
BPAT.NWMT,BPAT.PGE,SouthofCuster,0.1088
BPAT.NWMT,BPAT.PGE,NorthofEchoLake,-0.0827
BPAT.NWMT,BPAT.PGE,WestofMcNary,0.157
BPAT.NWMT,BPAT.PGE,WestofHatwai,0.6826
BPAT.NWMT,BPAT.PGE,NorthofGrizzly,-0.0916
CNTRLFRRY230,BPAT.PGE,CrossCascadesNorth,0.2159
CNTRLFRRY230,BPAT.PGE,CrossCascadesSouth,0.679
CNTRLFRRY230,BPAT.PGE,NorthofHanford,-0.1521
CNTRLFRRY230,BPAT.PGE,RaverPaul,0.1526
CNTRLFRRY230,BPAT.PGE,SouthofAllston,0.2319
CNTRLFRRY230,BPAT.PGE,NorthofPearl,0.2782
CNTRLFRRY230,BPAT.PGE,WestofJohnDay,0.27
CNTRLFRRY230,BPAT.PGE,WestofSlatt,0.2038
CNTRLFRRY230,BPAT.PGE,WestofLOMO,0.8238
CNTRLFRRY230,BPAT.PGE,SouthofCuster,0.0167
CNTRLFRRY230,BPAT.PGE,NorthofEchoLake,-0.0151
CNTRLFRRY230,BPAT.PGE,WestofMcNary,0.2529
CNTRLFRRY230,BPAT.PGE,WestofHatwai,-0.0569
CNTRLFRRY230,BPAT.PGE,NorthofGrizzly,0.0234
UMATILLA,BPAT.PGE,CrossCascadesNorth,0.1739
UMATILLA,BPAT.PGE,CrossCascadesSouth,0.7248
UMATILLA,BPAT.PGE,NorthofHanford,-0.082
UMATILLA,BPAT.PGE,RaverPaul,0.1199
UMATILLA,BPAT.PGE,SouthofAllston,0.1809
UMATILLA,BPAT.PGE,NorthofPearl,0.2905
UMATILLA,BPAT.PGE,WestofJohnDay,0.3201
UMATILLA,BPAT.PGE,WestofSlatt,0.2402
UMATILLA,BPAT.PGE,WestofLOMO,-0.0131
UMATILLA,BPAT.PGE,SouthofCuster,0.0079
UMATILLA,BPAT.PGE,NorthofEchoLake,-0.0085
UMATILLA,BPAT.PGE,WestofMcNary,0.652
UMATILLA,BPAT.PGE,WestofHatwai,-0.0078
UMATILLA,BPAT.PGE,NorthofGrizzly,0.0366
CHRISTMSVLY115,BPAT.PGE,CrossCascadesNorth,0.1415
CHRISTMSVLY115,BPAT.PGE,CrossCascadesSouth,0.5848
CHRISTMSVLY115,BPAT.PGE,NorthofHanford,-0.1178
CHRISTMSVLY115,BPAT.PGE,RaverPaul,0.0974
CHRISTMSVLY115,BPAT.PGE,SouthofAllston,0.1459
CHRISTMSVLY115,BPAT.PGE,NorthofPearl,0.3374
CHRISTMSVLY115,BPAT.PGE,WestofJohnDay,0.3286
CHRISTMSVLY115,BPAT.PGE,WestofSlatt,-0.0941
CHRISTMSVLY115,BPAT.PGE,WestofLOMO,0.006
CHRISTMSVLY115,BPAT.PGE,SouthofCuster,0.0071
CHRISTMSVLY115,BPAT.PGE,NorthofEchoLake,-0.005
CHRISTMSVLY115,BPAT.PGE,WestofMcNary,-0.0165
CHRISTMSVLY115,BPAT.PGE,WestofHatwai,0.0295
CHRISTMSVLY115,BPAT.PGE,NorthofGrizzly,-0.6916
MIDCREMOTE,BPAT.PGE,CrossCascadesNorth,0.2583
MIDCREMOTE,BPAT.PGE,CrossCascadesSouth,0.6307
MIDCREMOTE,BPAT.PGE,NorthofHanford,0.4752
MIDCREMOTE,BPAT.PGE,RaverPaul,0.1838
MIDCREMOTE,BPAT.PGE,SouthofAllston,0.2891
MIDCREMOTE,BPAT.PGE,NorthofPearl,0.2347
MIDCREMOTE,BPAT.PGE,WestofJohnDay,0.1976
MIDCREMOTE,BPAT.PGE,WestofSlatt,0.1329
MIDCREMOTE,BPAT.PGE,WestofLOMO,0.0228
MIDCREMOTE,BPAT.PGE,SouthofCuster,-0.0003
MIDCREMOTE,BPAT.PGE,NorthofEchoLake,-0.0475
MIDCREMOTE,BPAT.PGE,WestofMcNary,0.1399
MIDCREMOTE,BPAT.PGE,WestofHatwai,-0.025
MIDCREMOTE,BPAT.PGE,NorthofGrizzly,0.0285
